instance_id,repo,Base_total_energy_joules,Base_duration_seconds,Base_power_watts,Base_cpu_usage_mean_percent,Base_carbon_grams,Head_total_energy_joules,Head_duration_seconds,Head_power_watts,Head_cpu_usage_mean_percent,Head_carbon_grams,Head_ZS_Oracle_total_energy_joules,Head_ZS_Oracle_duration_seconds,Head_ZS_Oracle_power_watts,Head_ZS_Oracle_cpu_usage_mean_percent,Head_ZS_Oracle_carbon_grams,Head_ZS_Realistic_total_energy_joules,Head_ZS_Realistic_duration_seconds,Head_ZS_Realistic_power_watts,Head_ZS_Realistic_cpu_usage_mean_percent,Head_ZS_Realistic_carbon_grams,Head_CoT_Oracle_total_energy_joules,Head_CoT_Oracle_duration_seconds,Head_CoT_Oracle_power_watts,Head_CoT_Oracle_cpu_usage_mean_percent,Head_CoT_Oracle_carbon_grams,Head_CoT_Realistic_total_energy_joules,Head_CoT_Realistic_duration_seconds,Head_CoT_Realistic_power_watts,Head_CoT_Realistic_cpu_usage_mean_percent,Head_CoT_Realistic_carbon_grams
astropy__astropy-12842,astropy/astropy,,,,,,,,,,,,,,,,,,,,,,,,,,,,,,
astropy__astropy-13496,astropy/astropy,,,,,,,,,,,,,,,,,,,,,,,,,,,,,,
astropy__astropy-13734,astropy/astropy,,,,,,,,,,,,,,,,,,,,,,,,,,,,,,
astropy__astropy-13745,astropy/astropy,,,,,,,,,,,,,,,,,,,,,,,,,,,,,,
astropy__astropy-13817,astropy/astropy,,,,,,,,,,,,,,,,,,,,,,,,,,,,,,
astropy__astropy-14413,astropy/astropy,,,,,,,,,,,,,,,,,,,,,,,,,,,,,,
astropy__astropy-14590,astropy/astropy,,,,,,,,,,,,,,,,,,,,,,,,,,,,,,
astropy__astropy-15228,astropy/astropy,,,,,,,,,,,,,,,,,,,,,,,,,,,,,,
astropy__astropy-15710,astropy/astropy,,,,,,,,,,,,,,,,,,,,,,,,,,,,,,
astropy__astropy-15948,astropy/astropy,,,,,,,,,,,,,,,,,,,,,,,,,,,,,,
astropy__astropy-16058,astropy/astropy,,,,,,,,,,,,,,,,,,,,,,,,,,,,,,
astropy__astropy-16065,astropy/astropy,,,,,,,,,,,,,,,,,,,,,,,,,,,,,,
matplotlib__matplotlib-24250,matplotlib/matplotlib,,,,,,,,,,,,,,,,,,,,,,,,,,,,,,
matplotlib__matplotlib-28104,matplotlib/matplotlib,,,,,,,,,,,,,,,,,,,,,,,,,,,,,,
mwaskom__seaborn-2313,mwaskom/seaborn,,,,,,,,,,,,,,,,,,,,,,,,,,,,,,
mwaskom__seaborn-2389,mwaskom/seaborn,,,,,,,,,,,,,,,,,,,,,,,,,,,,,,
mwaskom__seaborn-2449,mwaskom/seaborn,,,,,,,,,,,,,,,,,,,,,,,,,,,,,,
mwaskom__seaborn-2458,mwaskom/seaborn,,,,,,,,,,,,,,,,,,,,,,,,,,,,,,
psf__requests-1891,psf/requests,,,,,,,,,,,,,,,,,,,,,,,,,,,,,,
psf__requests-3036,psf/requests,,,,,,,,,,,,,,,,,,,,,,,,,,,,,,
pydata__xarray-5571,pydata/xarray,,,,,,,,,,,,,,,,,,,,,,,,,,,,,,
pydata__xarray-5845,pydata/xarray,,,,,,,,,,,,,,,,,,,,,,,,,,,,,,
pydata__xarray-6109,pydata/xarray,,,,,,,,,,,,,,,,,,,,,,,,,,,,,,
pydata__xarray-6160,pydata/xarray,,,,,,,,,,,,,,,,,,,,,,,,,,,,,,
pydata__xarray-6834,pydata/xarray,,,,,,,,,,,,,,,,,,,,,,,,,,,,,,
pydata__xarray-7206,pydata/xarray,,,,,,,,,,,,,,,,,,,,,,,,,,,,,,
pydata__xarray-7209,pydata/xarray,,,,,,,,,,,,,,,,,,,,,,,,,,,,,,
pydata__xarray-7578,pydata/xarray,,,,,,,,,,,,,,,,,,,,,,,,,,,,,,
pydata__xarray-7809,pydata/xarray,,,,,,,,,,,,,,,,,,,,,,,,,,,,,,
pydata__xarray-8277,pydata/xarray,,,,,,,,,,,,,,,,,,,,,,,,,,,,,,
pydata__xarray-8412,pydata/xarray,,,,,,,,,,,,,,,,,,,,,,,,,,,,,,
pydata__xarray-8415,pydata/xarray,,,,,,,,,,,,,,,,,,,,,,,,,,,,,,
pydata__xarray-8507,pydata/xarray,,,,,,,,,,,,,,,,,,,,,,,,,,,,,,
pydata__xarray-8512,pydata/xarray,,,,,,,,,,,,,,,,,,,,,,,,,,,,,,
pydata__xarray-8527,pydata/xarray,,,,,,,,,,,,,,,,,,,,,,,,,,,,,,
pydata__xarray-8575,pydata/xarray,,,,,,,,,,,,,,,,,,,,,,,,,,,,,,
pydata__xarray-8627,pydata/xarray,,,,,,,,,,,,,,,,,,,,,,,,,,,,,,
pydata__xarray-8668,pydata/xarray,,,,,,,,,,,,,,,,,,,,,,,,,,,,,,
pydata__xarray-8684,pydata/xarray,,,,,,,,,,,,,,,,,,,,,,,,,,,,,,
pydata__xarray-8711,pydata/xarray,,,,,,,,,,,,,,,,,,,,,,,,,,,,,,
pydata__xarray-8737,pydata/xarray,,,,,,,,,,,,,,,,,,,,,,,,,,,,,,
pydata__xarray-8946,pydata/xarray,,,,,,,,,,,,,,,,,,,,,,,,,,,,,,
pydata__xarray-9014,pydata/xarray,,,,,,,,,,,,,,,,,,,,,,,,,,,,,,
pydata__xarray-9079,pydata/xarray,,,,,,,,,,,,,,,,,,,,,,,,,,,,,,
pydata__xarray-9109,pydata/xarray,,,,,,,,,,,,,,,,,,,,,,,,,,,,,,
pydata__xarray-9116,pydata/xarray,,,,,,,,,,,,,,,,,,,,,,,,,,,,,,
pydata__xarray-9243,pydata/xarray,,,,,,,,,,,,,,,,,,,,,,,,,,,,,,
pydata__xarray-9369,pydata/xarray,,,,,,,,,,,,,,,,,,,,,,,,,,,,,,
pydata__xarray-9393,pydata/xarray,,,,,,,,,,,,,,,,,,,,,,,,,,,,,,
pydata__xarray-9407,pydata/xarray,,,,,,,,,,,,,,,,,,,,,,,,,,,,,,
pydata__xarray-9415,pydata/xarray,,,,,,,,,,,,,,,,,,,,,,,,,,,,,,
pydata__xarray-9451,pydata/xarray,,,,,,,,,,,,,,,,,,,,,,,,,,,,,,
pydata__xarray-9453,pydata/xarray,,,,,,,,,,,,,,,,,,,,,,,,,,,,,,
pydata__xarray-9457,pydata/xarray,,,,,,,,,,,,,,,,,,,,,,,,,,,,,,
pydata__xarray-9482,pydata/xarray,,,,,,,,,,,,,,,,,,,,,,,,,,,,,,
pydata__xarray-9509,pydata/xarray,,,,,,,,,,,,,,,,,,,,,,,,,,,,,,
pydata__xarray-9517,pydata/xarray,,,,,,,,,,,,,,,,,,,,,,,,,,,,,,
pydata__xarray-9520,pydata/xarray,,,,,,,,,,,,,,,,,,,,,,,,,,,,,,
pydata__xarray-9552,pydata/xarray,,,,,,,,,,,,,,,,,,,,,,,,,,,,,,
pydata__xarray-9561,pydata/xarray,,,,,,,,,,,,,,,,,,,,,,,,,,,,,,
pydata__xarray-9586,pydata/xarray,,,,,,,,,,,,,,,,,,,,,,,,,,,,,,
pydata__xarray-9619,pydata/xarray,,,,,,,,,,,,,,,,,,,,,,,,,,,,,,
pydata__xarray-9651,pydata/xarray,,,,,,,,,,,,,,,,,,,,,,,,,,,,,,
pydata__xarray-9666,pydata/xarray,,,,,,,,,,,,,,,,,,,,,,,,,,,,,,
pydata__xarray-9684,pydata/xarray,,,,,,,,,,,,,,,,,,,,,,,,,,,,,,
pydata__xarray-9687,pydata/xarray,,,,,,,,,,,,,,,,,,,,,,,,,,,,,,
pydata__xarray-9688,pydata/xarray,,,,,,,,,,,,,,,,,,,,,,,,,,,,,,
pydata__xarray-9719,pydata/xarray,,,,,,,,,,,,,,,,,,,,,,,,,,,,,,
pydata__xarray-9720,pydata/xarray,,,,,,,,,,,,,,,,,,,,,,,,,,,,,,
pydata__xarray-9766,pydata/xarray,,,,,,,,,,,,,,,,,,,,,,,,,,,,,,
pydata__xarray-9782,pydata/xarray,,,,,,,,,,,,,,,,,,,,,,,,,,,,,,
pydata__xarray-9881,pydata/xarray,,,,,,,,,,,,,,,,,,,,,,,,,,,,,,
pydata__xarray-9977,pydata/xarray,,,,,,,,,,,,,,,,,,,,,,,,,,,,,,
pylint-dev__pylint-5596,pylint-dev/pylint,,,,,,,,,,,,,,,,,,,,,,,,,,,,,,
pylint-dev__pylint-6181,pylint-dev/pylint,,,,,,,,,,,,,,,,,,,,,,,,,,,,,,
pylint-dev__pylint-7747,pylint-dev/pylint,,,,,,,,,,,,,,,,,,,,,,,,,,,,,,
scikit-learn__scikit-learn-11179,scikit-learn/scikit-learn,,,,,,,,,,,,,,,,,,,,,,,,,,,,,,
scikit-learn__scikit-learn-11364,scikit-learn/scikit-learn,,,,,,,,,,,,,,,,,,,,,,,,,,,,,,
scikit-learn__scikit-learn-11526,scikit-learn/scikit-learn,,,,,,,,,,,,,,,,,,,,,,,,,,,,,,
scikit-learn__scikit-learn-11674,scikit-learn/scikit-learn,,,,,,,,,,,,,,,,,,,,,,,,,,,,,,
scikit-learn__scikit-learn-11754,scikit-learn/scikit-learn,,,,,,,,,,,,,,,,,,,,,,,,,,,,,,
scikit-learn__scikit-learn-12116,scikit-learn/scikit-learn,,,,,,,,,,,,,,,,,,,,,,,,,,,,,,
scikit-learn__scikit-learn-12117,scikit-learn/scikit-learn,,,,,,,,,,,,,,,,,,,,,,,,,,,,,,
scikit-learn__scikit-learn-12155,scikit-learn/scikit-learn,,,,,,,,,,,,,,,,,,,,,,,,,,,,,,
scikit-learn__scikit-learn-12172,scikit-learn/scikit-learn,,,,,,,,,,,,,,,,,,,,,,,,,,,,,,
scikit-learn__scikit-learn-12211,scikit-learn/scikit-learn,,,,,,,,,,,,,,,,,,,,,,,,,,,,,,
scikit-learn__scikit-learn-12230,scikit-learn/scikit-learn,,,,,,,,,,,,,,,,,,,,,,,,,,,,,,
scikit-learn__scikit-learn-12246,scikit-learn/scikit-learn,,,,,,,,,,,,,,,,,,,,,,,,,,,,,,
scikit-learn__scikit-learn-12379,scikit-learn/scikit-learn,,,,,,,,,,,,,,,,,,,,,,,,,,,,,,
scikit-learn__scikit-learn-12446,scikit-learn/scikit-learn,,,,,,,,,,,,,,,,,,,,,,,,,,,,,,
scikit-learn__scikit-learn-12514,scikit-learn/scikit-learn,,,,,,,,,,,,,,,,,,,,,,,,,,,,,,
scikit-learn__scikit-learn-12543,scikit-learn/scikit-learn,,,,,,,,,,,,,,,,,,,,,,,,,,,,,,
scikit-learn__scikit-learn-12567,scikit-learn/scikit-learn,,,,,,,,,,,,,,,,,,,,,,,,,,,,,,
scikit-learn__scikit-learn-12581,scikit-learn/scikit-learn,,,,,,,,,,,,,,,,,,,,,,,,,,,,,,
scikit-learn__scikit-learn-12625,scikit-learn/scikit-learn,,,,,,,,,,,,,,,,,,,,,,,,,,,,,,
scikit-learn__scikit-learn-12656,scikit-learn/scikit-learn,,,,,,,,,,,,,,,,,,,,,,,,,,,,,,
scikit-learn__scikit-learn-12701,scikit-learn/scikit-learn,,,,,,,,,,,,,,,,,,,,,,,,,,,,,,
scikit-learn__scikit-learn-12760,scikit-learn/scikit-learn,,,,,,,,,,,,,,,,,,,,,,,,,,,,,,
scikit-learn__scikit-learn-12822,scikit-learn/scikit-learn,,,,,,,,,,,,,,,,,,,,,,,,,,,,,,
scikit-learn__scikit-learn-12859,scikit-learn/scikit-learn,,,,,,,,,,,,,,,,,,,,,,,,,,,,,,
scikit-learn__scikit-learn-12931,scikit-learn/scikit-learn,,,,,,,,,,,,,,,,,,,,,,,,,,,,,,
scikit-learn__scikit-learn-12989,scikit-learn/scikit-learn,,,,,,,,,,,,,,,,,,,,,,,,,,,,,,
scikit-learn__scikit-learn-13124,scikit-learn/scikit-learn,,,,,,,,,,,,,,,,,,,,,,,,,,,,,,
scikit-learn__scikit-learn-13151,scikit-learn/scikit-learn,,,,,,,,,,,,,,,,,,,,,,,,,,,,,,
scikit-learn__scikit-learn-13174,scikit-learn/scikit-learn,,,,,,,,,,,,,,,,,,,,,,,,,,,,,,
scikit-learn__scikit-learn-13186,scikit-learn/scikit-learn,,,,,,,,,,,,,,,,,,,,,,,,,,,,,,
scikit-learn__scikit-learn-13243,scikit-learn/scikit-learn,,,,,,,,,,,,,,,,,,,,,,,,,,,,,,
scikit-learn__scikit-learn-13253,scikit-learn/scikit-learn,,,,,,,,,,,,,,,,,,,,,,,,,,,,,,
sphinx-doc__sphinx-10807,sphinx-doc/sphinx,,,,,,,,,,,,,,,,,,,,,,,,,,,,,,
sphinx-doc__sphinx-12598,sphinx-doc/sphinx,,,,,,,,,,,,,,,,,,,,,,,,,,,,,,
sphinx-doc__sphinx-12615,sphinx-doc/sphinx,,,,,,,,,,,,,,,,,,,,,,,,,,,,,,
sphinx-doc__sphinx-9547,sphinx-doc/sphinx,,,,,,,,,,,,,,,,,,,,,,,,,,,,,,
sympy__sympy-14278,sympy/sympy,,,,,,,,,,,,,,,,,,,,,,,,,,,,,,
sympy__sympy-14331,sympy/sympy,,,,,,,,,,,,,,,,,,,,,,,,,,,,,,
sympy__sympy-24665,sympy/sympy,,,,,,,,,,,,,,,,,,,,,,,,,,,,,,
sympy__sympy-25205,sympy/sympy,,,,,,,,,,,,,,,,,,,,,,,,,,,,,,
sympy__sympy-25591,sympy/sympy,,,,,,,,,,,,,,,,,,,,,,,,,,,,,,
sympy__sympy-25758,sympy/sympy,,,,,,,,,,,,,,,,,,,,,,,,,,,,,,
sympy__sympy-25852,sympy/sympy,,,,,,,,,,,,,,,,,,,,,,,,,,,,,,
sympy__sympy-26004,sympy/sympy,,,,,,,,,,,,,,,,,,,,,,,,,,,,,,
sympy__sympy-26036,sympy/sympy,,,,,,,,,,,,,,,,,,,,,,,,,,,,,,
sympy__sympy-26358,sympy/sympy,,,,,,,,,,,,,,,,,,,,,,,,,,,,,,
sympy__sympy-26546,sympy/sympy,,,,,,,,,,,,,,,,,,,,,,,,,,,,,,
sympy__sympy-26693,sympy/sympy,,,,,,,,,,,,,,,,,,,,,,,,,,,,,,
sympy__sympy-26848,sympy/sympy,,,,,,,,,,,,,,,,,,,,,,,,,,,,,,
sympy__sympy-26935,sympy/sympy,,,,,,,,,,,,,,,,,,,,,,,,,,,,,,
sympy__sympy-26940,sympy/sympy,,,,,,,,,,,,,,,,,,,,,,,,,,,,,,
sympy__sympy-26989,sympy/sympy,,,,,,,,,,,,,,,,,,,,,,,,,,,,,,
sympy__sympy-27085,sympy/sympy,,,,,,,,,,,,,,,,,,,,,,,,,,,,,,
sympy__sympy-27347,sympy/sympy,,,,,,,,,,,,,,,,,,,,,,,,,,,,,,
sympy__sympy-27666,sympy/sympy,,,,,,,,,,,,,,,,,,,,,,,,,,,,,,
